INSERT INTO ROLE (ID, NAME) VALUES (1, 'Employé');
INSERT INTO ROLE (ID, NAME) VALUES (2, 'Chef de projet');
INSERT INTO ROLE (ID, NAME) VALUES (3, 'Gestionnaire');
INSERT INTO ROLE (ID, NAME) VALUES (4, 'Administrateur');

INSERT INTO DEPARTMENT (ID, NAME) VALUES (1, 'Développement');
INSERT INTO DEPARTMENT (ID, NAME) VALUES (2, 'Assurance Qualité');
INSERT INTO DEPARTMENT (ID, NAME) VALUES (3, 'Ressource Humaine');

INSERT INTO EMPLOYEE (ID, EMAIL, FIRSTNAME, LASTNAME, PASSWORD, DEPARTMENT_ID) VALUES (1, 'john.doe@cgi.com', 'John', 'Doe', '$2a$10$EblZqNptyYvcLm/VwDCVAuBjzZOI7khzdyGPBr08PpIi0na624b8.', 2);
INSERT INTO EMPLOYEE (ID, EMAIL, FIRSTNAME, LASTNAME, PASSWORD, DEPARTMENT_ID) VALUES (2, 'vincent.desautels@cgi.com', 'Vincent', 'Desautels', '$2a$10$EblZqNptyYvcLm/VwDCVAuBjzZOI7khzdyGPBr08PpIi0na624b8.', 1);
INSERT INTO EMPLOYEE (ID, EMAIL, FIRSTNAME, LASTNAME, PASSWORD, DEPARTMENT_ID) VALUES (3, 'lorraine.levesque@cgi.com', 'Lorraine', 'Levesque', '$2a$10$EblZqNptyYvcLm/VwDCVAuBjzZOI7khzdyGPBr08PpIi0na624b8.', 1);
INSERT INTO EMPLOYEE (ID, EMAIL, FIRSTNAME, LASTNAME, PASSWORD, DEPARTMENT_ID) VALUES (4, 'jane.doe@cgi.com', 'Jane', 'Doe', '$2a$10$EblZqNptyYvcLm/VwDCVAuBjzZOI7khzdyGPBr08PpIi0na624b8.', 3);

UPDATE EMPLOYEE SET MANAGER_ID = 4 WHERE ID = 1;
UPDATE EMPLOYEE SET MANAGER_ID = 3 WHERE ID = 2;
UPDATE EMPLOYEE SET MANAGER_ID = 4 WHERE ID = 3;
UPDATE EMPLOYEE SET MANAGER_ID = 3 WHERE ID = 4;

INSERT INTO EMPLOYEE_ROLE (EMPLOYEE_ID, ROLE_ID) VALUES (1, 1);
INSERT INTO EMPLOYEE_ROLE (EMPLOYEE_ID, ROLE_ID) VALUES (2, 2);
INSERT INTO EMPLOYEE_ROLE (EMPLOYEE_ID, ROLE_ID) VALUES (3, 3);
INSERT INTO EMPLOYEE_ROLE (EMPLOYEE_ID, ROLE_ID) VALUES (3, 2);
INSERT INTO EMPLOYEE_ROLE (EMPLOYEE_ID, ROLE_ID) VALUES (4, 2);
INSERT INTO EMPLOYEE_ROLE (EMPLOYEE_ID, ROLE_ID) VALUES (4, 3);
INSERT INTO EMPLOYEE_ROLE (EMPLOYEE_ID, ROLE_ID) VALUES (4, 4);

INSERT INTO CLIENT (ID, NAME) VALUES (1, 'CGI');
INSERT INTO CLIENT (ID, NAME) VALUES (2, 'Hydro-Québec');
INSERT INTO CLIENT (ID, NAME) VALUES (3, 'Banque Nationale');

INSERT INTO PROJECT (ID, NAME, DESCRIPTION, START_DATE, END_DATE, CLIENT_ID, PROJECT_MANAGER_ID) VALUES (1, 'Safir', 'Automatisation DCR', to_date('01-01-18', 'DD-MM-YY'), to_date('01-01-19', 'DD-MM-YY'), 3, 3);
INSERT INTO PROJECT (ID, NAME, DESCRIPTION, START_DATE, END_DATE, CLIENT_ID, PROJECT_MANAGER_ID) VALUES (2, 'Clémentine', 'Développement logiciel général', to_date('01-06-18', 'DD-MM-YY'), to_date('01-06-19', 'DD-MM-YY'), 2, 4);

INSERT INTO EMPLOYEE_PROJECT (EMPLOYEE_ID, PROJECT_ID) VALUES (1, 1);
INSERT INTO EMPLOYEE_PROJECT (EMPLOYEE_ID, PROJECT_ID) VALUES (2, 1);
INSERT INTO EMPLOYEE_PROJECT (EMPLOYEE_ID, PROJECT_ID) VALUES (2, 2);

INSERT INTO TIMESHEET_STATUS (ID, NAME) VALUES (1, 'Brouillon');
INSERT INTO TIMESHEET_STATUS (ID, NAME) VALUES (2, 'En attente');
INSERT INTO TIMESHEET_STATUS (ID, NAME) VALUES (3, 'Refusée');
INSERT INTO TIMESHEET_STATUS (ID, NAME) VALUES (4, 'Approuvée');

INSERT INTO TIMESHEET (ID, TOTAL, NOTES, START_DATE, END_DATE, EMPLOYEE_ID, TIMESHEET_STATUS_ID) VALUES (1, 43, 'Temps supplémentaire approuvé', to_date('16-09-18', 'DD-MM-YY'), to_date('22-09-18', 'DD-MM-YY'), 2, 4);

INSERT INTO TIMESHEET_ROW (ID, DATE, VALUE, PROJECT_ID, TIMESHEET_ID) VALUES (1, to_date('16-09-18', 'DD-MM-YY'), null, 1, 1);
INSERT INTO TIMESHEET_ROW (ID, DATE, VALUE, PROJECT_ID, TIMESHEET_ID) VALUES (2, to_date('17-09-18', 'DD-MM-YY'), 8, 1, 1);
INSERT INTO TIMESHEET_ROW (ID, DATE, VALUE, PROJECT_ID, TIMESHEET_ID) VALUES (3, to_date('18-09-18', 'DD-MM-YY'), 9, 1, 1);
INSERT INTO TIMESHEET_ROW (ID, DATE, VALUE, PROJECT_ID, TIMESHEET_ID) VALUES (4, to_date('19-09-18', 'DD-MM-YY'), 9, 1, 1);
INSERT INTO TIMESHEET_ROW (ID, DATE, VALUE, PROJECT_ID, TIMESHEET_ID) VALUES (5, to_date('20-09-18', 'DD-MM-YY'), 9, 1, 1);
INSERT INTO TIMESHEET_ROW (ID, DATE, VALUE, PROJECT_ID, TIMESHEET_ID) VALUES (6, to_date('21-09-18', 'DD-MM-YY'), 8, 1, 1);
INSERT INTO TIMESHEET_ROW (ID, DATE, VALUE, PROJECT_ID, TIMESHEET_ID) VALUES (7, to_date('22-09-18', 'DD-MM-YY'), null, 1, 1);

INSERT INTO TIMESHEET (ID, TOTAL, NOTES, START_DATE, END_DATE, EMPLOYEE_ID, TIMESHEET_STATUS_ID) VALUES (2, 32, 'Journée de vacance', to_date('16-09-18', 'DD-MM-YY'), to_date('22-09-18', 'DD-MM-YY'), 1, 2);

INSERT INTO TIMESHEET_ROW (ID, DATE, VALUE, PROJECT_ID, TIMESHEET_ID) VALUES (8, to_date('16-09-18', 'DD-MM-YY'), null, 1, 2);
INSERT INTO TIMESHEET_ROW (ID, DATE, VALUE, PROJECT_ID, TIMESHEET_ID) VALUES (9, to_date('17-09-18', 'DD-MM-YY'), 8, 1, 2);
INSERT INTO TIMESHEET_ROW (ID, DATE, VALUE, PROJECT_ID, TIMESHEET_ID) VALUES (10, to_date('18-09-18', 'DD-MM-YY'), 8, 1, 2);
INSERT INTO TIMESHEET_ROW (ID, DATE, VALUE, PROJECT_ID, TIMESHEET_ID) VALUES (11, to_date('19-09-18', 'DD-MM-YY'), 8, 1, 2);
INSERT INTO TIMESHEET_ROW (ID, DATE, VALUE, PROJECT_ID, TIMESHEET_ID) VALUES (12, to_date('20-09-18', 'DD-MM-YY'), 8, 1, 2);
INSERT INTO TIMESHEET_ROW (ID, DATE, VALUE, PROJECT_ID, TIMESHEET_ID) VALUES (13, to_date('21-09-18', 'DD-MM-YY'), null, 1, 2);
INSERT INTO TIMESHEET_ROW (ID, DATE, VALUE, PROJECT_ID, TIMESHEET_ID) VALUES (14, to_date('22-09-18', 'DD-MM-YY'), null, 1, 2);
